gender, first_name, last_name, full_name
male, HENRY, HLAVIN, HENRY HLAVIN
female, CRYSTAL, SWATMAN, CRYSTAL SWATMAN
male, LESSIE, GRUCHOW, LESSIE GRUCHOW
female, CAMI, AQUINO, CAMI AQUINO
male, GEORGIE, HAMMEL, GEORGIE HAMMEL
female, MELISA, HALAMA, MELISA HALAMA
male, ABDUL, ILDEFONZO, ABDUL ILDEFONZO
female, ASHANTI, COLATRELLA, ASHANTI COLATRELLA
male, ELMER, MONSMA, ELMER MONSMA
female, OFELIA, PALMISCIANO, OFELIA PALMISCIANO
male, BENTON, BOL, BENTON BOL
female, MARELI, SAGARNAGA, MARELI SAGARNAGA
male, RAS, ZEANAH, RAS ZEANAH
female, LONDYN, MAZZARIELLO, LONDYN MAZZARIELLO
male, KADYN, RIDGEL, KADYN RIDGEL
female, LANITA, MOTTRAM, LANITA MOTTRAM
male, ZAID, HOST, ZAID HOST
female, JOELLE, TASNEEM, JOELLE TASNEEM
male, AUGUSTA, BRANGER, AUGUSTA BRANGER
female, JOSELINE, WOJTCZAK, JOSELINE WOJTCZAK
male, KAMRON, HARBEN, KAMRON HARBEN
female, LESA, BLUEEYES, LESA BLUEEYES
male, DANIEL, GHALY, DANIEL GHALY
female, BIRTIE, KIBBONS, BIRTIE KIBBONS
male, KESHAWN, YOZA, KESHAWN YOZA
female, CHRISTIAN, PARTRIDGE, CHRISTIAN PARTRIDGE
male, DORIS, SCALERO, DORIS SCALERO
female, OLAR, SHUNN, OLAR SHUNN
male, WALTER, OKOLIE, WALTER OKOLIE
female, VELDA, NWADIKE, VELDA NWADIKE
male, HUMPHREY, JANOSKO, HUMPHREY JANOSKO
female, LUPE, FARNSWORTH, LUPE FARNSWORTH
male, MERVIN, CHIHAK, MERVIN CHIHAK
female, ELECTA, MATHERSON, ELECTA MATHERSON
male, CHRIS, MOYOTL, CHRIS MOYOTL
female, LINNIE, BERKHEIMER, LINNIE BERKHEIMER
male, KAMERON, HUMBERD, KAMERON HUMBERD
female, TAMIKA, YAKOVICH, TAMIKA YAKOVICH
male, KELTON, SALLE, KELTON SALLE
female, FELISHA, VANNOSTRAND, FELISHA VANNOSTRAND
male, PHIL, HERREMAN, PHIL HERREMAN
female, ZETTA, ELGENDY, ZETTA ELGENDY
male, THEODIS, MILLIER, THEODIS MILLIER
female, CLYDE, GRAEME, CLYDE GRAEME
male, HUNG, VISNAW, HUNG VISNAW
female, BRANDON, GRAVETT, BRANDON GRAVETT
male, LONG, MALHI, LONG MALHI
female, SHANIQUA, DELMONACO, SHANIQUA DELMONACO
male, KYLER, ARNEZ, KYLER ARNEZ
female, KATHEY, POKLUDA, KATHEY POKLUDA
male, KENT, EDGECOMBE, KENT EDGECOMBE
female, JILLIAN, HAGENS, JILLIAN HAGENS
male, TOMMIE, UPSON, TOMMIE UPSON
female, ROSANN, LUGONES, ROSANN LUGONES
male, EZEQUIEL, ASCHENBRENER, EZEQUIEL ASCHENBRENER
female, KELLI, HOLDERFIELD, KELLI HOLDERFIELD
male, PATRICIA, PIOMBINO, PATRICIA PIOMBINO
female, MARILYNN, ZILINSKAS, MARILYNN ZILINSKAS
male, OWEN, GOEPFRICH, OWEN GOEPFRICH
female, GENNIE, LUEDER, GENNIE LUEDER
male, BURNICE, TAJIK, BURNICE TAJIK
female, CANDICE, BORRELL, CANDICE BORRELL
male, RENALDO, TRLICA, RENALDO TRLICA
female, NELDA, DOVER, NELDA DOVER
male, HILLARY, BOHOT, HILLARY BOHOT
female, CALI, JACKELS, CALI JACKELS
male, VERLYN, VEENSTRA, VERLYN VEENSTRA
female, CECILY, OLAVE, CECILY OLAVE
male, TEX, MAGARGAL, TEX MAGARGAL
female, JUDIE, LINENDOLL, JUDIE LINENDOLL
male, HELMER, TOTEN, HELMER TOTEN
female, RACQUEL, KREI, RACQUEL KREI
male, NOAH, MANIVONG, NOAH MANIVONG
female, AINSLEY, SBRACCIA, AINSLEY SBRACCIA
male, CLEO, MINCHEW, CLEO MINCHEW
female, DEIRDRE, BOGDEN, DEIRDRE BOGDEN
male, MAURICIO, KOSSE, MAURICIO KOSSE
female, FANNYE, TRIGO, FANNYE TRIGO
male, WINSTON, NESHEIM, WINSTON NESHEIM
female, GOLDA, KANNING, GOLDA KANNING
male, HORACIO, ZEDAKER, HORACIO ZEDAKER
female, TAWANA, LINDBO, TAWANA LINDBO
male, DENVER, PAJUNEN, DENVER PAJUNEN
female, MILDA, MOLOHON, MILDA MOLOHON
male, FARRELL, MENGERINK, FARRELL MENGERINK
female, GRISEL, MCDERMAND, GRISEL MCDERMAND
male, YORK, RUBERTI, YORK RUBERTI
female, MARY, GROVES, MARY GROVES
male, DERYL, MERSINGER, DERYL MERSINGER
female, MADALYNN, BERNARDEZ, MADALYNN BERNARDEZ
male, OLIN, CHESTNUTT, OLIN CHESTNUTT
female, SHAYNA, CORDAS, SHAYNA CORDAS
male, JERAD, KEMNITZER, JERAD KEMNITZER
female, SINDA, SAMANIE, SINDA SAMANIE
male, LAFAYETTE, HEBLE, LAFAYETTE HEBLE
female, LESTA, GLASTER, LESTA GLASTER
male, MARGARET, LOFTHOUSE, MARGARET LOFTHOUSE
female, ALVA, BURACK, ALVA BURACK
male, KALVIN, BOLARINHO, KALVIN BOLARINHO
female, KRISTEN, CENTRONE, KRISTEN CENTRONE
male, LEVIE, ROACHFORD, LEVIE ROACHFORD
female, NAIMA, POSZ, NAIMA POSZ
male, LUPE, CUCCHIARO, LUPE CUCCHIARO
female, SHERITA, ELFORD, SHERITA ELFORD
male, LAURENCE, UVALDO, LAURENCE UVALDO
female, ORENE, MEPPEN, ORENE MEPPEN
male, BEVERLY, DAUBERT, BEVERLY DAUBERT
female, INES, REIDLER, INES REIDLER
male, JAIME, HARITOS, JAIME HARITOS
female, SHANIA, FEDELL, SHANIA FEDELL
male, SOL, LANNUTTI, SOL LANNUTTI
female, VITA, SCHLAICH, VITA SCHLAICH
male, TILMAN, GORTH, TILMAN GORTH
female, MELANY, NIHILL, MELANY NIHILL
male, KORDELL, LEWY, KORDELL LEWY
female, VERDA, ORIANS, VERDA ORIANS
male, JOSIAH, REBHUN, JOSIAH REBHUN
female, ANNICE, ADOLPHUS, ANNICE ADOLPHUS
male, LEX, GRANNUM, LEX GRANNUM
female, KRISTA, LUDINGTON, KRISTA LUDINGTON
male, EZELL, DIGRE, EZELL DIGRE
female, LURLINE, SLIE, LURLINE SLIE
male, DEWITT, PROK, DEWITT PROK
female, EDRA, ZICARELLI, EDRA ZICARELLI
male, KAMARI, DIEFENDORF, KAMARI DIEFENDORF
female, ELEASE, KEYMON, ELEASE KEYMON
male, GARRICK, BRANLEY, GARRICK BRANLEY
female, DESTINEY, MAURILLO, DESTINEY MAURILLO
male, TRAYVON, BISHOFF, TRAYVON BISHOFF
female, EDLA, GUDER, EDLA GUDER
male, MANNING, MICHEELS, MANNING MICHEELS
female, MARI, CASARIO, MARI CASARIO
male, JOVANY, STAGNITTA, JOVANY STAGNITTA
female, MAYE, FRODERMAN, MAYE FRODERMAN
male, ADRIEL, SCAMPONE, ADRIEL SCAMPONE
female, GERMAINE, KROMIS, GERMAINE KROMIS
male, ABRAM, SIEKMANN, ABRAM SIEKMANN
female, JADYN, ALLDREAD, JADYN ALLDREAD
male, LESSIE, FAVOUR, LESSIE FAVOUR
female, SOPHRONIA, VALYO, SOPHRONIA VALYO
male, GLADSTONE, MROS, GLADSTONE MROS
female, AILEEN, SANDIE, AILEEN SANDIE
male, JUSTICE, LUVAAS, JUSTICE LUVAAS
female, JACALYN, MEDAUGH, JACALYN MEDAUGH
male, KENNTH, PASTORIUS, KENNTH PASTORIUS
female, TAMI, ZENGEL, TAMI ZENGEL
male, CORNELL, DUMANDAN, CORNELL DUMANDAN
female, DAJA, HOLLENBERG, DAJA HOLLENBERG
male, DEVONTAE, DIERA, DEVONTAE DIERA
female, JASLYN, TORQUEMADA, JASLYN TORQUEMADA
male, KEON, LICHMAN, KEON LICHMAN
female, MEG, TRIFIRO, MEG TRIFIRO
male, JENNINGS, WOLLACK, JENNINGS WOLLACK
female, LESLEE, MALEKI, LESLEE MALEKI
male, DORIAN, DISANZA, DORIAN DISANZA
female, GENESIS, GOGGINS, GENESIS GOGGINS
male, JERIMIAH, GABY, JERIMIAH GABY
female, HESTER, RITNER, HESTER RITNER
male, CHRIS, BORHO, CHRIS BORHO
female, DENISE, THOEMKE, DENISE THOEMKE
male, EUSTACE, TSEHAYE, EUSTACE TSEHAYE
female, ARLY, GREENWALD, ARLY GREENWALD
male, DAVIS, KAMANU, DAVIS KAMANU
female, ANAIS, NIENHAUS, ANAIS NIENHAUS
male, LANDIN, MAROCCO, LANDIN MAROCCO
female, JANAE, THUR, JANAE THUR
male, REGINAL, BRYAN, REGINAL BRYAN
female, TERRI, TARRY, TERRI TARRY
male, DARREL, TORLONE, DARREL TORLONE
female, LUCINA, MCNIVEN, LUCINA MCNIVEN
male, ZAKARY, RIEDLE, ZAKARY RIEDLE
female, OLINE, SCHWEIGERT, OLINE SCHWEIGERT
male, PERRY, VOGLE, PERRY VOGLE
female, SHERYLL, DEEKS, SHERYLL DEEKS
male, WALKER, MUGLER, WALKER MUGLER
female, COLETTA, BLECHMAN, COLETTA BLECHMAN
male, NIKO, ARIAL, NIKO ARIAL
female, ANTONINA, SANDFORD, ANTONINA SANDFORD
male, ELLISON, TRAJANO, ELLISON TRAJANO
female, TAMATHA, SAKAS, TAMATHA SAKAS
male, DONAT, WILLCOCK, DONAT WILLCOCK
female, JOURNEY, MESSIHA, JOURNEY MESSIHA
male, RANSOM, BALOGUN, RANSOM BALOGUN
female, CHANIE, GLOSE, CHANIE GLOSE
male, ALF, GREGAN, ALF GREGAN
female, TRACI, KEEHR, TRACI KEEHR
male, VICENTE, MAPALO, VICENTE MAPALO
female, HILDUR, SILCOCK, HILDUR SILCOCK
male, JARON, MUSUMECI, JARON MUSUMECI
female, JUSTIN, ROBERTSHAW, JUSTIN ROBERTSHAW
male, JERIMIAH, YALAMANCHILI, JERIMIAH YALAMANCHILI
female, DAWN, FRUNZA, DAWN FRUNZA
male, WILL, SPANN, WILL SPANN
female, KIMBER, DELOSSANTO, KIMBER DELOSSANTO
male, RENE, BISCAN, RENE BISCAN
female, JAN, BOLS, JAN BOLS
male, WILBERT, IJAZ, WILBERT IJAZ
female, AFTON, DRACKLEY, AFTON DRACKLEY
male, RUFFIN, PEAVYHOUSE, RUFFIN PEAVYHOUSE
female, KELIS, FORSEN, KELIS FORSEN
male, SEMAJ, BURLINSON, SEMAJ BURLINSON
female, DANIELLE, POTTHOFF, DANIELLE POTTHOFF
male, LILLIE, IMPARATO, LILLIE IMPARATO
female, CASANDRA, GILGALLON, CASANDRA GILGALLON
male, KODY, FAIOLA, KODY FAIOLA
female, FRANCISCA, DESTY, FRANCISCA DESTY
male, KYLER, MANRRIQUE, KYLER MANRRIQUE
female, LAVENIA, GREGERSEN, LAVENIA GREGERSEN
male, VERL, LASER, VERL LASER
female, ALDONA, MAROSEK, ALDONA MAROSEK
male, RAHEEM, FRANCHEK, RAHEEM FRANCHEK
female, LUVENIA, UMSTEAD, LUVENIA UMSTEAD
male, SALOMON, CABBELL, SALOMON CABBELL
female, TIMOTHY, ZEIMET, TIMOTHY ZEIMET
male, MILBURN, AFARI, MILBURN AFARI
female, HENRIETTA, BARTCZAK, HENRIETTA BARTCZAK
male, MOSES, ASON, MOSES ASON
female, ELDORA, BABICH, ELDORA BABICH
male, MURDOCK, LHOTA, MURDOCK LHOTA
female, MAVIS, CHURAN, MAVIS CHURAN
male, GARFIELD, HOWLES, GARFIELD HOWLES
female, CLAUDIA, BEHERA, CLAUDIA BEHERA
male, LUCA, TUNG, LUCA TUNG
female, FLOY, OLSCHEWSKE, FLOY OLSCHEWSKE
male, ESTILL, KLUZAK, ESTILL KLUZAK
female, LEILANI, VEERAPANENI, LEILANI VEERAPANENI
male, WAYMON, OLHAUSEN, WAYMON OLHAUSEN
female, DESSA, LANGBEHN, DESSA LANGBEHN
male, DILLARD, OBERMEIER, DILLARD OBERMEIER
female, TEA, THORNLEY, TEA THORNLEY
male, KELTON, SNAPP, KELTON SNAPP
female, CAPRICE, NUCE, CAPRICE NUCE
male, CLELL, LAMADRID, CLELL LAMADRID
female, MARIANITA, MERL, MARIANITA MERL
male, MARIE, WEINANDT, MARIE WEINANDT
female, SHENNA, CECKA, SHENNA CECKA
male, IRA, WEHRLEY, IRA WEHRLEY
female, MONNA, HEKKING, MONNA HEKKING
male, DONTAE, WINDLE, DONTAE WINDLE
female, RHODA, FRAGOSO, RHODA FRAGOSO
male, RIGOBERTO, WILTON, RIGOBERTO WILTON
female, HENRIETTA, SHUTTLESWORTH, HENRIETTA SHUTTLESWORTH
male, DERRICK, BEMBERY, DERRICK BEMBERY
female, HAROLD, ODENEAL, HAROLD ODENEAL
male, SAVION, VOY, SAVION VOY
female, SHARYL, GERN, SHARYL GERN
male, MAKHI, PLUTCHAK, MAKHI PLUTCHAK
female, ALICIA, JEFFCOAT, ALICIA JEFFCOAT
male, PROSPER, GATHERS, PROSPER GATHERS
female, DORTHEY, MBERWA, DORTHEY MBERWA
male, LEO, HACKFORD, LEO HACKFORD
female, BRENDA, PARADY, BRENDA PARADY
male, DANNIEL, DOMBROW, DANNIEL DOMBROW
female, DANNIE, HOLKE, DANNIE HOLKE
male, HALL, ALESIA, HALL ALESIA
female, JERICA, SHAHBAZ, JERICA SHAHBAZ
male, GEOFFREY, ABAI, GEOFFREY ABAI
female, NICHOL, LEGATES, NICHOL LEGATES
male, RAYSHAWN, CICARELLI, RAYSHAWN CICARELLI
female, DAWNE, DEFREHN, DAWNE DEFREHN
male, RICKEY, MADDAMMA, RICKEY MADDAMMA
female, LINDSAY, NWAFOR, LINDSAY NWAFOR
male, JEFFEREY, GOEI, JEFFEREY GOEI
female, DONNIE, HAUSWALD, DONNIE HAUSWALD
male, JENNIFER, WHATCOTT, JENNIFER WHATCOTT
female, COLETTA, ARVESON, COLETTA ARVESON
male, LYNWOOD, SERVERA, LYNWOOD SERVERA
female, MARILYNN, SAUSVILLE, MARILYNN SAUSVILLE
male, WORTH, SILZER, WORTH SILZER
female, OFELIA, SPOONMORE, OFELIA SPOONMORE
male, LORING, TERANISHI, LORING TERANISHI
female, JESSIKA, MCGLENNON, JESSIKA MCGLENNON
male, ANCEL, JENINGS, ANCEL JENINGS
female, VERNITA, ESPRONCEDA, VERNITA ESPRONCEDA
male, EMMITT, HOWMAN, EMMITT HOWMAN
female, AVERI, BONZER, AVERI BONZER
male, WM, GREENAWALT, WM GREENAWALT
female, CLAUDIE, KRISCHKE, CLAUDIE KRISCHKE
male, REAGAN, BECHO, REAGAN BECHO
female, ADYSON, LEIP, ADYSON LEIP
male, SEVERO, DELATTRE, SEVERO DELATTRE
female, SIENA, KANALEY, SIENA KANALEY
male, CORNELIUS, NIKSICH, CORNELIUS NIKSICH
female, ESTELL, LADHANI, ESTELL LADHANI
male, BRYON, LAGUEUX, BRYON LAGUEUX
female, DELMA, EDMISTON, DELMA EDMISTON
male, ELLIOTT, LIBMAN, ELLIOTT LIBMAN
female, ZENA, PERMUY, ZENA PERMUY
male, CHARLTON, VIVO, CHARLTON VIVO
female, CLAUDETTE, OLARTE, CLAUDETTE OLARTE
male, HAMP, BODENDORFER, HAMP BODENDORFER
female, ANNABEL, TEBON, ANNABEL TEBON
male, LITTLETON, GREAVES, LITTLETON GREAVES
female, JULIANNE, BIDELMAN, JULIANNE BIDELMAN
male, SYDNEY, PULDA, SYDNEY PULDA
female, LEALA, KARPAN, LEALA KARPAN
male, PRYOR, BOGDANOFF, PRYOR BOGDANOFF
female, KATHARYN, DUMITRESCU, KATHARYN DUMITRESCU
male, STEPHON, ZANONE, STEPHON ZANONE
female, SHAYNA, TAFUR, SHAYNA TAFUR
male, URIAH, BRYL, URIAH BRYL
female, ANGELINE, BOUBION, ANGELINE BOUBION
male, EMMIT, SPIROPOULOS, EMMIT SPIROPOULOS
female, TREVA, LAMONACA, TREVA LAMONACA
male, GRANT, ALLAND, GRANT ALLAND
female, RUTHANN, GOODMON, RUTHANN GOODMON
male, BEN, PIORKOWSKI, BEN PIORKOWSKI
female, ADELYN, FIRMIN, ADELYN FIRMIN
male, JERAMIE, YAKUBOV, JERAMIE YAKUBOV
female, ORPHA, CHAPLIK, ORPHA CHAPLIK
male, OZIE, DUCKSTEIN, OZIE DUCKSTEIN
female, HARLEY, BUFFONE, HARLEY BUFFONE
male, ELIEZER, SHORMAN, ELIEZER SHORMAN
female, KAY, DIEGIDIO, KAY DIEGIDIO
male, ADOLPH, PEDDYCORD, ADOLPH PEDDYCORD
female, AUGUSTINE, SABER, AUGUSTINE SABER
male, MATEO, MARANGE, MATEO MARANGE
female, NINNIE, LEIH, NINNIE LEIH
male, GILMORE, OHLSSON, GILMORE OHLSSON
female, MARIN, FRIMAN, MARIN FRIMAN
male, KANYE, WOODLAND, KANYE WOODLAND
female, JANESSA, COLHOUER, JANESSA COLHOUER
male, JULIO, STATHAS, JULIO STATHAS
female, EDNAH, YABLONSKI, EDNAH YABLONSKI
male, DANNIE, THE, DANNIE THE
female, JODIE, GEORGIANNA, JODIE GEORGIANNA
male, KYLE, LANSINK, KYLE LANSINK
female, VICY, LOVVORN, VICY LOVVORN
male, RODERICK, RAMER, RODERICK RAMER
female, TIERA, UCLARAY, TIERA UCLARAY
male, ARNO, WEYL, ARNO WEYL
female, TRUDY, SNAPPER, TRUDY SNAPPER
male, LAURANCE, BREWEN, LAURANCE BREWEN
female, SAMMIE, DEFEO, SAMMIE DEFEO
male, MASAO, CECILIANO, MASAO CECILIANO
female, ADDA, STEENSEN, ADDA STEENSEN
male, WILIAM, BAPP, WILIAM BAPP
female, WENDY, PADIAL, WENDY PADIAL
male, DERICK, EHRIE, DERICK EHRIE
female, MELODEE, LICKISS, MELODEE LICKISS
male, ARLIS, VORCE, ARLIS VORCE
female, NOREEN, STEFANO, NOREEN STEFANO
male, HUNG, SCHUBERTH, HUNG SCHUBERTH
female, JERI, BARCUS, JERI BARCUS
male, DELBERT, RIVERON, DELBERT RIVERON
female, CORINA, MITTMAN, CORINA MITTMAN
male, REX, ARREAGA, REX ARREAGA
female, LORIE, BITAR, LORIE BITAR
male, ROMIE, PHILLIP, ROMIE PHILLIP
female, BRITNY, HOLLOPETER, BRITNY HOLLOPETER
male, CALLUM, FREYMUTH, CALLUM FREYMUTH
female, SHANITA, CRAFF, SHANITA CRAFF
male, JOSHUA, KLUEH, JOSHUA KLUEH
female, MINNIE, VONOHLEN, MINNIE VONOHLEN
male, KEVEN, PUFFER, KEVEN PUFFER
female, TOWANDA, BUSHER, TOWANDA BUSHER
male, LLOYD, HECOX, LLOYD HECOX
female, AKIRA, STVICTOR, AKIRA STVICTOR
male, HARLEY, CASSTEVENS, HARLEY CASSTEVENS
female, LISSIE, SWENSEN, LISSIE SWENSEN
male, INFANT, MEYERHOFF, INFANT MEYERHOFF
female, ORILLA, NIKOLIC, ORILLA NIKOLIC
male, ANCEL, LOPEZPEREZ, ANCEL LOPEZPEREZ
female, MINTA, GIP, MINTA GIP
male, TAJ, BROZIK, TAJ BROZIK
female, ELVIE, CASALINI, ELVIE CASALINI
male, JESSICA, MATTOCKS, JESSICA MATTOCKS
female, LONIE, IPARRAGUIRRE, LONIE IPARRAGUIRRE
male, LENARD, WEINELL, LENARD WEINELL
female, JAQUELINE, LUKOMSKI, JAQUELINE LUKOMSKI
male, VICK, AGUNDEZ, VICK AGUNDEZ
female, BRIANNA, YAMASHITA, BRIANNA YAMASHITA
male, MAXIMILIAN, STILEN, MAXIMILIAN STILEN
female, NELLY, MANIVANH, NELLY MANIVANH
male, ROSCOE, GUSTUS, ROSCOE GUSTUS
female, SHIRLEYANN, YNFANTE, SHIRLEYANN YNFANTE
male, MINOR, BALINA, MINOR BALINA
female, TYESHA, STAAL, TYESHA STAAL
male, NATHEN, BROST, NATHEN BROST
female, SILVIA, POELLOT, SILVIA POELLOT
male, DUWAYNE, MAKOVSKY, DUWAYNE MAKOVSKY
female, MARIANNE, OSTERWEIL, MARIANNE OSTERWEIL
male, JERED, STARNAUD, JERED STARNAUD
female, KANESHA, PITMAN, KANESHA PITMAN
male, MICKEY, HAUSBECK, MICKEY HAUSBECK
female, JENNA, ESRY, JENNA ESRY
male, IGNATZ, OOSTHUIZEN, IGNATZ OOSTHUIZEN
female, STACIA, HLA, STACIA HLA
male, LONEY, VERRI, LONEY VERRI
female, ESTHER, NALESNIK, ESTHER NALESNIK
male, RONDAL, VECINO, RONDAL VECINO
female, WANDA, BADHAM, WANDA BADHAM
male, STEPHANIE, LOUK, STEPHANIE LOUK
female, LORENE, HANKLA, LORENE HANKLA
male, KIRBY, SZYMASZEK, KIRBY SZYMASZEK
female, ALISSA, MOLLITOR, ALISSA MOLLITOR
male, JAMARCUS, JULCA, JAMARCUS JULCA
female, ASHANTI, LAVERNE, ASHANTI LAVERNE
male, GILMORE, LANTING, GILMORE LANTING
female, VERGIE, HAUBRICH, VERGIE HAUBRICH
male, ORLAND, CORNWELL, ORLAND CORNWELL
female, BRITTNI, FLIGHT, BRITTNI FLIGHT
male, JESSE, RAYIS, JESSE RAYIS
female, ANNEMARIE, SPENA, ANNEMARIE SPENA
male, DANNY, WAKEFORD, DANNY WAKEFORD
female, OLENE, SCHWAAB, OLENE SCHWAAB
male, RIVER, PODLASEK, RIVER PODLASEK
female, CHANIE, MUEHLENKAMP, CHANIE MUEHLENKAMP
male, IMMANUEL, JOHNES, IMMANUEL JOHNES
female, CARISA, PETRAKIS, CARISA PETRAKIS
male, AUGUSTE, LUDEMANN, AUGUSTE LUDEMANN
female, KANDICE, BRAZEE, KANDICE BRAZEE
male, LONNIE, TALUSAN, LONNIE TALUSAN
female, GLENNIE, KLOOR, GLENNIE KLOOR
male, PHILIP, MORAIS, PHILIP MORAIS
female, TRICIA, LENETT, TRICIA LENETT
male, FRENCH, SANDFORD, FRENCH SANDFORD
female, CHARLINE, VANSYCKLE, CHARLINE VANSYCKLE
male, EFREM, VANDERWIELE, EFREM VANDERWIELE
female, ARDELLA, MEHRMANN, ARDELLA MEHRMANN
male, MONTY, KLITZ, MONTY KLITZ
female, NOBIE, MCGURER, NOBIE MCGURER
male, KOEN, GIOVINO, KOEN GIOVINO
female, MIREYA, MCEACHIN, MIREYA MCEACHIN
male, CLEMMIE, TORELLA, CLEMMIE TORELLA
female, PEARL, LUSNIA, PEARL LUSNIA
male, TAB, VALIM, TAB VALIM
female, LINDSEY, LIVEZEY, LINDSEY LIVEZEY
male, SCOT, KNOPPE, SCOT KNOPPE
female, BUENA, BRANEN, BUENA BRANEN
male, CLETUS, ODAM, CLETUS ODAM
female, CHRISTIN, MANTEIGA, CHRISTIN MANTEIGA
male, LOREN, TELTOW, LOREN TELTOW
female, SUDIE, HELLENDRUNG, SUDIE HELLENDRUNG
male, MORTON, FOCKE, MORTON FOCKE
female, KECIA, SURRAN, KECIA SURRAN
male, JESSICA, INSKIP, JESSICA INSKIP
female, REAGAN, DEKOEKKOEK, REAGAN DEKOEKKOEK
male, MADISON, CORDASCO, MADISON CORDASCO
female, HANNAH, WERMERS, HANNAH WERMERS
male, MAURY, DUBRO, MAURY DUBRO
female, MAMIE, TVRDIK, MAMIE TVRDIK
male, HOSEA, DICKASON, HOSEA DICKASON
female, MIESHA, MEHAS, MIESHA MEHAS
male, STONEY, MACUGAY, STONEY MACUGAY
female, VILLA, HODGERS, VILLA HODGERS
male, KAI, HARDEBECK, KAI HARDEBECK
female, LESLI, LUSTGARTEN, LESLI LUSTGARTEN
male, LESLEY, COUPET, LESLEY COUPET
female, LU, KUBISCHTA, LU KUBISCHTA
male, ODUS, HERGENROTHER, ODUS HERGENROTHER
female, SALLIE, FASTHORSE, SALLIE FASTHORSE
male, CURLEY, AGNES, CURLEY AGNES
female, PAITYN, DEPROSPO, PAITYN DEPROSPO
male, LEVAR, COURTAWAY, LEVAR COURTAWAY
female, ELTA, HARDMAN, ELTA HARDMAN
male, CLOVIS, GLANDER, CLOVIS GLANDER
female, LUELLA, THOMASMA, LUELLA THOMASMA
male, MANLEY, RANCATORE, MANLEY RANCATORE
female, ARMINTA, KIRCHMEIER, ARMINTA KIRCHMEIER
male, ZAIN, MISHCHUK, ZAIN MISHCHUK
female, MATILDA, ROSTER, MATILDA ROSTER
male, JAMAR, ALDEGUER, JAMAR ALDEGUER
female, DASIA, DREESZEN, DASIA DREESZEN
male, GREGG, SEIDENBERGER, GREGG SEIDENBERGER
female, NELDA, NEIGEL, NELDA NEIGEL
male, CADEN, KNIERIEMEN, CADEN KNIERIEMEN
female, CAPPIE, DAKE, CAPPIE DAKE
male, EZZARD, GIRLING, EZZARD GIRLING
female, PHOEBE, EMIGDIO, PHOEBE EMIGDIO
male, GLENDON, STEENHARD, GLENDON STEENHARD
female, ANNMARIE, SERMAN, ANNMARIE SERMAN
male, ARTHER, PIKULSKI, ARTHER PIKULSKI
female, SIGNA, CLEASBY, SIGNA CLEASBY
male, JUSTEN, BOUZAN, JUSTEN BOUZAN
female, EATHEL, BESSEL, EATHEL BESSEL
male, CYRUS, SPOTTEDEAGLE, CYRUS SPOTTEDEAGLE
female, ELISHA, NARINESINGH, ELISHA NARINESINGH
male, HERB, COOLONG, HERB COOLONG
female, LAURA, CANOLE, LAURA CANOLE
male, ALFIE, BERKOFF, ALFIE BERKOFF
female, ORILLA, YARA, ORILLA YARA
male, COLEMAN, QUADRINI, COLEMAN QUADRINI
female, KARA, FEW, KARA FEW
male, REBECCA, BRANHAM, REBECCA BRANHAM
female, LYNNE, DEFONCE, LYNNE DEFONCE
male, JONATAN, HEUCK, JONATAN HEUCK
female, MARTINA, MISTAL, MARTINA MISTAL
male, SAMUAL, DISNEY, SAMUAL DISNEY
female, EVIE, HARGADON, EVIE HARGADON
male, LEMUEL, EMARA, LEMUEL EMARA
female, LOREAN, PARTSCH, LOREAN PARTSCH
male, ORION, AFFOLDER, ORION AFFOLDER
female, DANYEL, BLILEY, DANYEL BLILEY
male, FERRELL, GABIS, FERRELL GABIS
female, ROWENA, TOVSEN, ROWENA TOVSEN
male, BRENNON, ROZENDAL, BRENNON ROZENDAL
female, LAUREL, SHORKEY, LAUREL SHORKEY
male, YADIEL, TORREGANO, YADIEL TORREGANO
female, SALOME, VANRHEENEN, SALOME VANRHEENEN
male, HARMAN, PATTAN, HARMAN PATTAN
female, ONETA, BROCCHINI, ONETA BROCCHINI
male, STANTON, HAUSCHILD, STANTON HAUSCHILD
female, MYRTICE, GUNTY, MYRTICE GUNTY
male, JAYLAN, HOWDYSHELL, JAYLAN HOWDYSHELL
female, LESTA, ZARCO, LESTA ZARCO
male, NUNZIO, RAJSKI, NUNZIO RAJSKI
female, MONTSERRAT, SICARD, MONTSERRAT SICARD
male, GRADY, PATO, GRADY PATO
female, SANAI, AUGUSTIN, SANAI AUGUSTIN
male, DALE, HOHERTZ, DALE HOHERTZ
female, HADLEY, DELAVAN, HADLEY DELAVAN
male, KAHLIL, HUELL, KAHLIL HUELL
female, HARUKO, PIETROPAOLO, HARUKO PIETROPAOLO
male, EZEQUIEL, SECKEL, EZEQUIEL SECKEL
female, BEVERLEE, HARRIGFELD, BEVERLEE HARRIGFELD
male, ESSIE, SZWAJKOWSKI, ESSIE SZWAJKOWSKI
female, FABIOLA, WHITTLE, FABIOLA WHITTLE
male, RUSTY, PEREZORTIZ, RUSTY PEREZORTIZ
female, ELVIA, LANAM, ELVIA LANAM
male, LINDBERGH, SKOWRON, LINDBERGH SKOWRON
female, SHAQUANA, KAVAN, SHAQUANA KAVAN
male, JAYLEN, BENTFIELD, JAYLEN BENTFIELD
female, CORENE, CRESON, CORENE CRESON
male, STANISLAUS, HOLSOPPLE, STANISLAUS HOLSOPPLE
female, CRISTY, LITWIN, CRISTY LITWIN
male, DURELL, GRIFFORE, DURELL GRIFFORE
female, KARLEY, SEPULBEDA, KARLEY SEPULBEDA
male, JAYSON, QURASHI, JAYSON QURASHI
female, CORINE, ROUNSAVALL, CORINE ROUNSAVALL
male, BEE, COLLINS, BEE COLLINS
female, VERNELL, LASSEN, VERNELL LASSEN
male, SKYLER, PERALTO, SKYLER PERALTO
female, CHLOIE, ARABO, CHLOIE ARABO
male, BARON, HOCHHEISER, BARON HOCHHEISER
female, SHAUNNA, DITTBRENNER, SHAUNNA DITTBRENNER
male, MARLAND, VELETA, MARLAND VELETA
female, JORDAN, SHUGARMAN, JORDAN SHUGARMAN
male, TORRY, COLPEAN, TORRY COLPEAN
female, IZORA, COSGRIFF, IZORA COSGRIFF
male, SHAMAR, WOODRICK, SHAMAR WOODRICK
female, BENITA, RILLERA, BENITA RILLERA
male, JEDEDIAH, CAMUNEZ, JEDEDIAH CAMUNEZ
female, ARDELLA, KALUSH, ARDELLA KALUSH
male, TERRANCE, NEGRO, TERRANCE NEGRO
female, VERSA, YANKER, VERSA YANKER
male, BENITO, MATLA, BENITO MATLA
female, EXA, VANHEEST, EXA VANHEEST
male, DONAL, PFALZGRAF, DONAL PFALZGRAF
female, LEONOR, MAVILLA, LEONOR MAVILLA
male, GUNNER, DIENNER, GUNNER DIENNER
female, ESSA, KOENINGS, ESSA KOENINGS
male, GUILFORD, KLEEBERG, GUILFORD KLEEBERG
female, RAGNA, GREENLEE, RAGNA GREENLEE
male, ALONZO, NAWAZ, ALONZO NAWAZ
female, JAQUELIN, SKRZYPEK, JAQUELIN SKRZYPEK
male, GRIFFITH, HAFFAR, GRIFFITH HAFFAR
female, JAMES, KNOPSNIDER, JAMES KNOPSNIDER
male, DOMENIC, LEMS, DOMENIC LEMS
female, ERYKAH, GOOLCHARAN, ERYKAH GOOLCHARAN
male, CLARE, MATTEN, CLARE MATTEN
female, MATTHEW, MULKEY, MATTHEW MULKEY
male, KILEY, SUMAYA, KILEY SUMAYA
female, RAQUEL, BURKEMPER, RAQUEL BURKEMPER
male, HILARY, DOMIANO, HILARY DOMIANO
female, BRIGID, GENIER, BRIGID GENIER
male, TYREK, TURCHIN, TYREK TURCHIN
female, HILDA, OSTHEIMER, HILDA OSTHEIMER
male, RASHAWN, FESILI, RASHAWN FESILI
female, MARGRET, FIGGINS, MARGRET FIGGINS
male, BENNY, CUSSEN, BENNY CUSSEN
female, NELIA, TYACKE, NELIA TYACKE
male, KEVON, ELKES, KEVON ELKES
female, BERNEICE, PEETE, BERNEICE PEETE
male, PERNELL, WALJI, PERNELL WALJI
female, BREANNA, ADKISON, BREANNA ADKISON
male, EMANUEL, RENDEIRO, EMANUEL RENDEIRO
female, EMALINE, BOUZY, EMALINE BOUZY
male, CRISTIAN, HEINAUER, CRISTIAN HEINAUER
female, TOMEKA, VERGANO, TOMEKA VERGANO
male, ORVILLE, INSINGA, ORVILLE INSINGA
female, FREDERICKA, KHOSRAVI, FREDERICKA KHOSRAVI
male, KODY, ALICK, KODY ALICK
female, MARLEY, MUJIC, MARLEY MUJIC
male, OSIE, PANGARO, OSIE PANGARO
female, ANTHONY, KOZICZKOWSKI, ANTHONY KOZICZKOWSKI
male, MAXIMILLIAN, FLORESSANCHEZ, MAXIMILLIAN FLORESSANCHEZ
female, ELEONORE, TORRESRAMIREZ, ELEONORE TORRESRAMIREZ
male, FOREST, HOULETTE, FOREST HOULETTE
female, VIRGIL, BURDIS, VIRGIL BURDIS
male, JOEL, KRENN, JOEL KRENN
female, MARLANA, LOECKE, MARLANA LOECKE
male, DARCY, STAMMER, DARCY STAMMER
female, ETTIE, SEIDE, ETTIE SEIDE
male, ALVARO, DEOLEO, ALVARO DEOLEO
female, RAYNA, LANGSHAW, RAYNA LANGSHAW
male, JERIMIAH, ZANABRIA, JERIMIAH ZANABRIA
female, WILMA, VILLA, WILMA VILLA
male, DELTON, FULMORE, DELTON FULMORE
female, WILHELMINA, ACKEY, WILHELMINA ACKEY
male, ISIDOR, SERVER, ISIDOR SERVER
female, VERLIE, BRINCKS, VERLIE BRINCKS
male, CLAY, SAPPER, CLAY SAPPER
female, HORTENCIA, MANINT, HORTENCIA MANINT
male, DORMAN, KOLLMER, DORMAN KOLLMER
female, ALIANA, AMDUR, ALIANA AMDUR
male, DEMIAN, MUTZ, DEMIAN MUTZ
female, GLENDORA, BOGUCKI, GLENDORA BOGUCKI
male, LUVERNE, LUCHTENBURG, LUVERNE LUCHTENBURG
female, ZILPHA, BROCKAMP, ZILPHA BROCKAMP
male, MALCOM, KHAIR, MALCOM KHAIR
female, JADYN, LEATHEM, JADYN LEATHEM
male, BRIAN, DOUTY, BRIAN DOUTY
female, KARIE, TURBYFILL, KARIE TURBYFILL
male, WILFRID, LANCI, WILFRID LANCI
female, SHONNA, MULVAHILL, SHONNA MULVAHILL
male, JOSELUIS, KSOR, JOSELUIS KSOR
female, NEALY, BOGS, NEALY BOGS
male, MORGAN, ABDALAH, MORGAN ABDALAH
female, CAMMIE, CANARD, CAMMIE CANARD
male, WRIGHT, PACARRO, WRIGHT PACARRO
female, TILLA, RIDDLEY, TILLA RIDDLEY
male, CHADWICK, FERRYMAN, CHADWICK FERRYMAN
female, VIVIAN, CHARNICK, VIVIAN CHARNICK
male, CONRAD, GEERTGENS, CONRAD GEERTGENS
female, ROSEANN, DARRIN, ROSEANN DARRIN
male, FITZHUGH, MCCLOSKEY, FITZHUGH MCCLOSKEY
female, SHAYLA, STRAUTHER, SHAYLA STRAUTHER
male, JOAN, CREMINS, JOAN CREMINS
female, JORDIN, PURINTUN, JORDIN PURINTUN
male, THAD, MURZYNSKI, THAD MURZYNSKI
female, DOLLYE, VANNOCKER, DOLLYE VANNOCKER
male, DEREON, LANOIX, DEREON LANOIX
female, LELAH, MAGINNESS, LELAH MAGINNESS
male, MATHEWS, APLANALP, MATHEWS APLANALP
female, LYLA, BAGCHI, LYLA BAGCHI
male, GREGORIO, WAEGE, GREGORIO WAEGE
female, ELVA, JESSE, ELVA JESSE
male, MYRTLE, BELLEFEUILLE, MYRTLE BELLEFEUILLE
female, STEFANI, MOBERLY, STEFANI MOBERLY
male, WENZEL, KONIKOWSKI, WENZEL KONIKOWSKI
female, BROOKLYN, HAIDEN, BROOKLYN HAIDEN
male, DANIAL, GODBOLD, DANIAL GODBOLD
female, LESLEY, THONY, LESLEY THONY
male, LAQUAN, FREYERMUTH, LAQUAN FREYERMUTH
female, EVELYNE, CLINGAMAN, EVELYNE CLINGAMAN
male, MATHEW, WOLVER, MATHEW WOLVER
female, YULIANA, WILLENS, YULIANA WILLENS
male, MAURO, CISAR, MAURO CISAR
female, VICIE, NEUMAIER, VICIE NEUMAIER
male, MAURY, RAHEJA, MAURY RAHEJA
female, CHYNNA, SCHWEIGHART, CHYNNA SCHWEIGHART
male, LEE, TRIMNAL, LEE TRIMNAL
female, SHEYLA, HAPPEL, SHEYLA HAPPEL
male, AMIR, ALITZ, AMIR ALITZ
female, ELENORA, BRUGNOLI, ELENORA BRUGNOLI
male, KING, ORTBERG, KING ORTBERG
female, ADELL, PAPIER, ADELL PAPIER
male, RUFFIN, HORNIG, RUFFIN HORNIG
female, CAREY, STRZYZEWSKI, CAREY STRZYZEWSKI
male, TREVOR, TUCCILLO, TREVOR TUCCILLO
female, ERNEST, LECKELT, ERNEST LECKELT
male, BRENT, RAFALKO, BRENT RAFALKO
female, SUSAN, HAYSLIP, SUSAN HAYSLIP
male, JENSEN, DEBEVEC, JENSEN DEBEVEC
female, HARRIETTE, MURAIRA, HARRIETTE MURAIRA
male, AMANDA, DUSKO, AMANDA DUSKO
female, OUIDA, CAVEDA, OUIDA CAVEDA
male, MICHALE, ELLENSON, MICHALE ELLENSON
female, MINNIE, STAROPOLI, MINNIE STAROPOLI
male, GAYLE, BUNCHER, GAYLE BUNCHER
female, KATE, MAHUKA, KATE MAHUKA
male, SPENSER, SZPAK, SPENSER SZPAK
female, ALISON, SEDRICK, ALISON SEDRICK
male, DEXTER, LETZRING, DEXTER LETZRING
female, LYN, BUOY, LYN BUOY
male, SYLVESTER, CANELLI, SYLVESTER CANELLI
female, PLUMA, IHLENFELD, PLUMA IHLENFELD
male, AMY, TIDABACK, AMY TIDABACK
female, ALIA, CELESTINO, ALIA CELESTINO
male, KNOX, STANLEY, KNOX STANLEY
female, ANNABELLE, AKLES, ANNABELLE AKLES
male, ALFERD, CARGILE, ALFERD CARGILE
female, LANNIE, BARGES, LANNIE BARGES
male, IRVING, STENBERG, IRVING STENBERG
female, AUGUSTINA, GLADMAN, AUGUSTINA GLADMAN
male, BEDFORD, CORNEL, BEDFORD CORNEL
female, MINA, KRAAL, MINA KRAAL
male, DARYLE, KAYALI, DARYLE KAYALI
female, BARBIE, MUNSIE, BARBIE MUNSIE
male, PRENTICE, NAND, PRENTICE NAND
female, MARDELL, GEORGESCU, MARDELL GEORGESCU
male, LEVI, DUFFEE, LEVI DUFFEE
female, CANDIS, ORIZABA, CANDIS ORIZABA
male, STAN, BADR, STAN BADR
female, AMELIA, FRACISCO, AMELIA FRACISCO
male, ZACHARIAH, HRICKO, ZACHARIAH HRICKO
female, MERRIE, GUNNESS, MERRIE GUNNESS
male, VICTORIANO, WEBSTER, VICTORIANO WEBSTER
female, DYLAN, DORLAND, DYLAN DORLAND
male, RAYMOND, CARBAUGH, RAYMOND CARBAUGH
female, KERRI, CABINESS, KERRI CABINESS
male, DARRYLE, TIV, DARRYLE TIV
female, SHAWNEE, SIDDOWAY, SHAWNEE SIDDOWAY
male, VINCE, HENGEN, VINCE HENGEN
female, VALARIE, RASOULI, VALARIE RASOULI
male, BLANE, KRIPALANI, BLANE KRIPALANI
female, TIERA, LEGATH, TIERA LEGATH
male, CLIFFORD, BEPPLER, CLIFFORD BEPPLER
female, ALLISON, KRAMME, ALLISON KRAMME
male, JOHNATHON, LAVITA, JOHNATHON LAVITA
female, CLASSIE, LUNALOPEZ, CLASSIE LUNALOPEZ
male, DAVONTA, TSCHANZ, DAVONTA TSCHANZ
female, CONCETTA, EGURE, CONCETTA EGURE
male, LORA, AMARILLAS, LORA AMARILLAS
female, DANITA, BREDEMEIER, DANITA BREDEMEIER
male, LEONCE, CUTTONE, LEONCE CUTTONE
female, TRISHA, SIMAS, TRISHA SIMAS
male, GAVYN, PINCOCK, GAVYN PINCOCK
female, CAROLINE, HUSARY, CAROLINE HUSARY
male, CORDERO, HAGGBERG, CORDERO HAGGBERG
female, BRITTANI, ESTEBAN, BRITTANI ESTEBAN
male, RYLEE, BALDEON, RYLEE BALDEON
female, NOELIA, BARSIC, NOELIA BARSIC
male, WILLARD, ANDRY, WILLARD ANDRY
female, ELENORE, FORSTER, ELENORE FORSTER
male, COURTNEY, MAYI, COURTNEY MAYI
female, SIMONE, LAMASCUS, SIMONE LAMASCUS
male, MARQUIS, DOBITZ, MARQUIS DOBITZ
female, NAKISHA, WOTEN, NAKISHA WOTEN
male, TOSHIO, OOKA, TOSHIO OOKA
female, OSA, NORTEY, OSA NORTEY
male, TREVON, SANCEN, TREVON SANCEN
female, ELVIA, CHALOUH, ELVIA CHALOUH
male, GROVE, POTRZEBA, GROVE POTRZEBA
female, ELLAR, LANDA, ELLAR LANDA
male, CLAY, WARA, CLAY WARA
female, SANJUANA, BENNIE, SANJUANA BENNIE
male, ISAIAH, PECENKA, ISAIAH PECENKA
female, MORIAH, MAYA, MORIAH MAYA
male, KAREN, JUNCAL, KAREN JUNCAL
female, LAVERN, NUDI, LAVERN NUDI
male, ROMELLO, MARGIOTTA, ROMELLO MARGIOTTA
female, CAITLYN, RAILSBACK, CAITLYN RAILSBACK
male, LORENZA, USINGER, LORENZA USINGER
female, SHYANN, RABIL, SHYANN RABIL
male, DICK, PAHAL, DICK PAHAL
female, DREW, SWEANEY, DREW SWEANEY
male, JERRELL, LOVOI, JERRELL LOVOI
female, TIMOTHY, KERI, TIMOTHY KERI
male, JEREL, SEDERBURG, JEREL SEDERBURG
female, CORI, HARTNAGEL, CORI HARTNAGEL
male, JERMEY, DEFINA, JERMEY DEFINA
female, KASSANDRA, TRAD, KASSANDRA TRAD
male, KHARI, LATT, KHARI LATT
female, HORTENSE, BAGLIONE, HORTENSE BAGLIONE
male, AUSTEN, BRACKNEY, AUSTEN BRACKNEY
female, CORRINE, DUESING, CORRINE DUESING
male, DELOS, NOTEBOOM, DELOS NOTEBOOM
female, AURORE, LAXER, AURORE LAXER
male, BELL, GALANTO, BELL GALANTO
female, ALISSA, LUNDINE, ALISSA LUNDINE
male, KRISTIAN, BEHEL, KRISTIAN BEHEL
female, DAVINA, BOIE, DAVINA BOIE
male, KOBY, DEWOODY, KOBY DEWOODY
female, SHANIECE, BACKENSTO, SHANIECE BACKENSTO
male, MISAEL, DADO, MISAEL DADO
female, CAPRICE, RAGSTON, CAPRICE RAGSTON
male, ROMELLO, BRANDIS, ROMELLO BRANDIS
female, MEGGAN, MECA, MEGGAN MECA
male, REUBEN, HANBACK, REUBEN HANBACK
female, JOSIEPHINE, KOSIEROWSKI, JOSIEPHINE KOSIEROWSKI
male, DANTE, NAMOKI, DANTE NAMOKI
female, TERRA, SCIACQUA, TERRA SCIACQUA
male, VERNON, GALOVIC, VERNON GALOVIC
female, YOSELIN, BRESCH, YOSELIN BRESCH
male, JIM, HERRIOT, JIM HERRIOT
female, MIKAELA, CASCADDEN, MIKAELA CASCADDEN
male, DAULTON, ESPINOLA, DAULTON ESPINOLA
female, STACEY, KOSOY, STACEY KOSOY
male, EDMUND, HERMILLER, EDMUND HERMILLER
female, JACQULYN, JAGIELLO, JACQULYN JAGIELLO
male, STEVAN, SHELAR, STEVAN SHELAR
female, EVELYNE, KHARBANDA, EVELYNE KHARBANDA
male, ELZA, ZAVALAGARCIA, ELZA ZAVALAGARCIA
female, GUSSIE, BODEMAN, GUSSIE BODEMAN
male, HARDING, KNIGHTING, HARDING KNIGHTING
female, VALORIE, NESSMITH, VALORIE NESSMITH
male, LARKIN, PATRIN, LARKIN PATRIN
female, MICHAELE, KARIA, MICHAELE KARIA
male, AUBRA, MURNIN, AUBRA MURNIN
female, CARLYN, HOLLOMAN, CARLYN HOLLOMAN
male, WILLIE, JARSKI, WILLIE JARSKI
female, RESSIE, FOHRMAN, RESSIE FOHRMAN
male, ARMANDO, CERRETA, ARMANDO CERRETA
female, KAMORA, DIACONU, KAMORA DIACONU
male, LAWYER, MINGLE, LAWYER MINGLE
female, MARGET, DOOLY, MARGET DOOLY
male, KERWIN, MELENDREZ, KERWIN MELENDREZ
female, ELIZA, COWSERT, ELIZA COWSERT
male, JAYLIN, HATLE, JAYLIN HATLE
female, MAKENNA, MALINCONICO, MAKENNA MALINCONICO
male, NEHEMIAH, JUILLERAT, NEHEMIAH JUILLERAT
female, ELOISA, RONHOVDE, ELOISA RONHOVDE
male, HIDEO, THUMSER, HIDEO THUMSER
female, VALINDA, ANKENY, VALINDA ANKENY
male, EGBERT, VENECIA, EGBERT VENECIA
female, GUSTA, KOPCHA, GUSTA KOPCHA
male, TREVION, PIPOLY, TREVION PIPOLY
female, LENNA, EISENACH, LENNA EISENACH
male, ROD, BERKOVICH, ROD BERKOVICH
female, VADA, SOOKRAJ, VADA SOOKRAJ
male, ARDEN, BELICA, ARDEN BELICA
female, ARIELLE, LALKO, ARIELLE LALKO
male, CLEMENCE, STONEWALL, CLEMENCE STONEWALL
female, DASIA, LATTO, DASIA LATTO
male, ERWIN, BEVACQUA, ERWIN BEVACQUA
female, FANNIE, FAULKS, FANNIE FAULKS
male, MONTY, MELLINGER, MONTY MELLINGER
female, JODI, DELASHAW, JODI DELASHAW
male, DEMETRIOS, BESSEN, DEMETRIOS BESSEN
female, CARRIE, MARQUARDT, CARRIE MARQUARDT
male, SYLVESTER, CARENO, SYLVESTER CARENO
female, CAMRYN, DUVA, CAMRYN DUVA
male, RICHARD, MUKASA, RICHARD MUKASA
female, MADELEINE, PARADA, MADELEINE PARADA
male, FRANCES, LICHTENBERGER, FRANCES LICHTENBERGER
female, LETICIA, CUPIDO, LETICIA CUPIDO
male, SAM, SEMERARO, SAM SEMERARO
female, AINSLEY, HASHBARGER, AINSLEY HASHBARGER
male, BRENDON, GALLARO, BRENDON GALLARO
female, MAXIE, MCSHERRY, MAXIE MCSHERRY
male, KELLEN, RAMIREZSOTO, KELLEN RAMIREZSOTO
female, KELIS, HEARTMAN, KELIS HEARTMAN
male, COLVIN, PECE, COLVIN PECE
female, CLOTILDA, RERICK, CLOTILDA RERICK
male, HIROSHI, JUDNICK, HIROSHI JUDNICK
female, EDLA, GASTER, EDLA GASTER
male, HYMAN, RAHME, HYMAN RAHME
female, YASMIN, YVARRA, YASMIN YVARRA
male, LIZZIE, HOMSLEY, LIZZIE HOMSLEY
female, CAMI, KLEYN, CAMI KLEYN
male, KAHLIL, KHAMMANIVONG, KAHLIL KHAMMANIVONG
female, JACKIE, WARTGOW, JACKIE WARTGOW
male, BUFORD, HOSCHOUER, BUFORD HOSCHOUER
female, MONNA, DROZDA, MONNA DROZDA
male, RYLAN, SCHNETZ, RYLAN SCHNETZ
female, TARA, TANCREDI, TARA TANCREDI
male, HANDY, SMEATON, HANDY SMEATON
female, ELEASE, FILLINGHAM, ELEASE FILLINGHAM
male, ELLIOT, CARRACINO, ELLIOT CARRACINO
female, LUCINDY, OSORES, LUCINDY OSORES
male, DONAVAN, HOLTKAMP, DONAVAN HOLTKAMP
female, MAIDA, GAUDE, MAIDA GAUDE
male, MARTIN, COCCODRILLI, MARTIN COCCODRILLI
female, ROSEANNA, BECKMANN, ROSEANNA BECKMANN
male, JOHNNIE, KOLLU, JOHNNIE KOLLU
female, JOE, GUERTLER, JOE GUERTLER
male, EBEN, DYBOWSKI, EBEN DYBOWSKI
female, MICHELL, CRUZRAMIREZ, MICHELL CRUZRAMIREZ
male, NICKOLAS, FERRANS, NICKOLAS FERRANS
female, NOEMI, ZALES, NOEMI ZALES
male, BRENNEN, COSME, BRENNEN COSME
female, PHOENIX, NEIGER, PHOENIX NEIGER
male, ILLYA, LOA, ILLYA LOA
female, CASSIDY, ISNER, CASSIDY ISNER
male, MARIUS, VOTRA, MARIUS VOTRA
female, JAMIYA, CALOMINO, JAMIYA CALOMINO
male, DASHAWN, NOLAN, DASHAWN NOLAN
female, MORGAN, BURNASH, MORGAN BURNASH
male, HARRIS, KESTENBAUM, HARRIS KESTENBAUM
female, KARISSA, BABL, KARISSA BABL
male, SAM, HARP, SAM HARP
female, KATHRINE, QUINTAVALLE, KATHRINE QUINTAVALLE
male, LOIS, ALESSANDRA, LOIS ALESSANDRA
female, ISADORA, BEAUJON, ISADORA BEAUJON
male, MARRION, STANKEY, MARRION STANKEY
female, LOUIE, CRISMAN, LOUIE CRISMAN
male, CLARANCE, SCHWORER, CLARANCE SCHWORER
female, BAYLEE, DEVER, BAYLEE DEVER
male, GIANNI, GROSSEN, GIANNI GROSSEN
female, KRISSY, TERRAZA, KRISSY TERRAZA
male, RICHMOND, WALLENHORST, RICHMOND WALLENHORST
female, PERRI, RUEDEN, PERRI RUEDEN
male, ZEB, SNEERINGER, ZEB SNEERINGER
female, ALVERTA, VANBAALE, ALVERTA VANBAALE
male, REGIS, KALLOO, REGIS KALLOO
female, TAI, BACKER, TAI BACKER
male, BOYSIE, CASTOLDI, BOYSIE CASTOLDI
female, BINA, MURZYNSKI, BINA MURZYNSKI
male, NORTH, MENTOR, NORTH MENTOR
female, AMIRA, BROMER, AMIRA BROMER
male, PAGE, BAYNOR, PAGE BAYNOR
female, KEELEY, PELAEZ, KEELEY PELAEZ
male, LEIGH, MARKMAN, LEIGH MARKMAN
female, MENDY, SCHLAPIA, MENDY SCHLAPIA
male, COURTLAND, BIZON, COURTLAND BIZON
female, ELEANOR, BREGG, ELEANOR BREGG
male, FURMAN, DROSKE, FURMAN DROSKE
female, DEMETRIA, PAWLOWSKI, DEMETRIA PAWLOWSKI
male, WAINO, ZADINA, WAINO ZADINA
female, ALVENA, PEEDIN, ALVENA PEEDIN
male, TAFT, HEAVILAND, TAFT HEAVILAND
female, RACQUEL, ZACAPALA, RACQUEL ZACAPALA
male, GENE, TOFANI, GENE TOFANI
female, MIRTIE, ZAFIRIS, MIRTIE ZAFIRIS
male, FRENCH, TUVESON, FRENCH TUVESON
female, ANNABELLA, ATTERTON, ANNABELLA ATTERTON
male, GRACE, GEREAU, GRACE GEREAU
female, SHANA, MILETTA, SHANA MILETTA
male, AYAAN, MCKNATT, AYAAN MCKNATT
female, ARTELIA, GEFFRE, ARTELIA GEFFRE
male, NEEDHAM, LARGO, NEEDHAM LARGO
female, JUNIE, FAGLIE, JUNIE FAGLIE
male, ROGELIO, YEARICK, ROGELIO YEARICK
female, TATIANNA, GUESS, TATIANNA GUESS
male, EULA, SIBAJA, EULA SIBAJA
female, BUENA, OPELL, BUENA OPELL
male, ALPHEUS, TITSHAW, ALPHEUS TITSHAW
female, DIYA, SEKOWSKI, DIYA SEKOWSKI
male, KAY, PEGEL, KAY PEGEL
female, ELIZA, SAINDON, ELIZA SAINDON
male, IRENE, ORLINO, IRENE ORLINO
female, MARINA, BADWAN, MARINA BADWAN
male, JOVANI, JEFFCOATS, JOVANI JEFFCOATS
female, HANNA, MAXTON, HANNA MAXTON
male, ROHAN, CREE, ROHAN CREE
female, ETHER, DIZIO, ETHER DIZIO
male, GUY, AVALOS, GUY AVALOS
female, BRYANNA, MONTROY, BRYANNA MONTROY
male, DENTON, FABIS, DENTON FABIS
female, ADELYN, FANSHER, ADELYN FANSHER
male, GENARO, KINDA, GENARO KINDA
female, LOIS, BROMM, LOIS BROMM
male, KILLIAN, KATZER, KILLIAN KATZER
female, MIREYA, POSTON, MIREYA POSTON
male, KELLEN, MUGLESTON, KELLEN MUGLESTON
female, SINA, FOOKS, SINA FOOKS
male, JAHIR, TERRIEN, JAHIR TERRIEN
female, CRYSTAL, LAKANEN, CRYSTAL LAKANEN
male, WHEELER, STRAVERS, WHEELER STRAVERS
female, DRUSILLA, GENIESSE, DRUSILLA GENIESSE
male, ALFREDO, BURRIESCI, ALFREDO BURRIESCI
female, ASHA, PIRI, ASHA PIRI
male, MOHAMMED, AITCHISON, MOHAMMED AITCHISON
female, FREDDIE, BELLEZZA, FREDDIE BELLEZZA
male, JONNIE, KAPINOS, JONNIE KAPINOS
female, GLENNIE, FEINOUR, GLENNIE FEINOUR
male, BRANNON, FUTCHER, BRANNON FUTCHER
female, ZONA, FRENTZ, ZONA FRENTZ
male, ALEXANDE, SEMBRANO, ALEXANDE SEMBRANO
female, ARABELLA, IACHINI, ARABELLA IACHINI
male, BRAXTON, WAELDER, BRAXTON WAELDER
female, FELICIA, ARMOGAN, FELICIA ARMOGAN
male, CASPER, STOKAN, CASPER STOKAN
female, CORDIA, PEROCIER, CORDIA PEROCIER
male, GARNET, BLUMENAUER, GARNET BLUMENAUER
female, MERRIE, MUTO, MERRIE MUTO
male, GILMORE, OREHEK, GILMORE OREHEK
female, DAYANARA, IBRAHIN, DAYANARA IBRAHIN
male, EMETT, CLINGER, EMETT CLINGER
female, PAULA, LEONARDSON, PAULA LEONARDSON
male, SEAMUS, SELLGREN, SEAMUS SELLGREN
female, CAREN, FEEKEN, CAREN FEEKEN
male, KAEL, CISTERNAS, KAEL CISTERNAS
female, ALYSIA, MATOR, ALYSIA MATOR
male, JAMAL, FIELITZ, JAMAL FIELITZ
female, ERYKAH, CUBAS, ERYKAH CUBAS
male, OSCAR, DONALDSON, OSCAR DONALDSON
female, LEXIS, LOUGHREY, LEXIS LOUGHREY
male, TERENCE, PONSE, TERENCE PONSE
female, ELFREDA, POPPA, ELFREDA POPPA
male, ALPHA, SIBILIO, ALPHA SIBILIO
female, AMMA, ASCANIO, AMMA ASCANIO
male, BRUNO, EOM, BRUNO EOM
female, KASSIDY, NAYAR, KASSIDY NAYAR
male, JENNINGS, TRAPPIER, JENNINGS TRAPPIER
female, BRANDON, PRASKA, BRANDON PRASKA
male, JESSE, TRINKNER, JESSE TRINKNER
female, SHELVIE, MARISH, SHELVIE MARISH
male, HAM, OBUCHOWSKI, HAM OBUCHOWSKI
female, JUANITA, FRANCHETTI, JUANITA FRANCHETTI
male, CONOR, ABRAMCZYK, CONOR ABRAMCZYK
female, LORAINE, PROCHNOW, LORAINE PROCHNOW
male, REASON, STRZELECKI, REASON STRZELECKI
female, IMELDA, KRSTIC, IMELDA KRSTIC
male, WENZEL, AZZATO, WENZEL AZZATO
female, ZETA, GALLIAN, ZETA GALLIAN
male, ALEXANDRO, FERRINO, ALEXANDRO FERRINO
female, KRISTINA, DROB, KRISTINA DROB
male, BUD, WARGA, BUD WARGA
female, KYA, ADAMEC, KYA ADAMEC
male, RODRIGO, OKELLY, RODRIGO OKELLY
female, ALISA, STANEART, ALISA STANEART
male, ALOYSIUS, HENGSTEBECK, ALOYSIUS HENGSTEBECK
female, ANJALI, LOGES, ANJALI LOGES
male, RICARDO, KADAN, RICARDO KADAN
female, LISSETTE, WOLNEY, LISSETTE WOLNEY
male, HALBERT, FRANCAVILLA, HALBERT FRANCAVILLA
female, PEARLIE, BLOTSKE, PEARLIE BLOTSKE
